Unnamed: 0,Unnamed: 0.1,id,tweet,orginal,1DI_C,1AG_C,1T_C,,2DI_C,2AG_C,2T_C,,G3DI_C,G3AG_C,G3T_C,,G4DI_C,G4AG_C,G4T_C,1T,2T,G4T,G3T
0,Offensive_HateSpeech 2017 (random 1000) LINK,20027,RT @lucybeeee: &#8220;i hate when i lose something and my mom says &#8220;well i guess it wasn't that important&#8221; like bitch you lost me in a grocery st&#8230;,1,0,1,0,,1,1,1,,1,2,1,,0,2,0,1,1,1,1
1,,18334,RT @UnansweredQuot: Did that bitch ever get out of Ludacris's way?,1,1,2,1,,1,2,1,,1,2,1,,1,2,1,1,1,1,1
2,,2322,85 species of birds reported in Chesterfield for the Great Backyard Bird Count. How many in your area? http://t.co/VIWMjjJxOT,1,1,0,0,,1,0,0,,1,0,0,,1,0,0,0,0,0,0
3,,15763,RT @Gvmby: This bitch possessed by the thot demon. https://t.co/FHfgbsihhE,1,1,2,1,,1,2,1,,1,2,1,,1,2,1,1,1,1,1
4,,15210,RT @DEON1093: AHAAAA DUHHRT @PAPER_CHAYSIN: These hoes are for everyone !,1,1,2,1,,1,2,1,,1,2,1,,1,2,1,1,1,1,1
5,,6308,@iMGorgeous_HOES eew bitch get out of my carrrr,1,1,2,1,,1,2,1,,1,1,1,,1,2,1,1,1,1,1
6,,6066,@eanahS__ girl I been wanting them shit I been growing them hoes for bout 6months,1,1,1,1,,1,1,1,,1,1,1,,1,2,1,0,1,1,1
7,,23617,Yeah hoe. http://t.co/qZXi0IuFCf,1,1,1,1,,1,1,1,,1,1,1,,1,1,1,0,1,1,1
8,,12809,Lmao look at these hoes RT @RareHipHopPic: http://t.co/lOCEXe8Rcd,1,1,1,1,,1,2,1,,1,1,1,,1,2,1,0,1,1,1
9,,108,"""@DBAB_Holloway: Check out our 12th man. #CowboysNation"" even with all those faggot ny fans in the stands",1,1,1,1,,1,1,1,,1,2,1,,1,2,1,1,1,1,1
10,,19604,RT @iKayKing: A boyfriend and girlfriend suppose to laugh at these hoes together. A guy should never have these hoes laughing at his girl..&#8230;,1,1,2,1,,1,2,1,,1,2,1,,1,2,1,0,1,1,0
11,,5190,@TrippinC bitch you can tweet but not answer?,1,1,1,1,,1,1,1,,1,2,1,,1,2,1,0,1,1,1
12,,7909,"Always wanted to fuck that bitch, thank you god I fucked that bitch",1,1,2,1,,1,2,1,,1,2,1,,1,2,1,1,1,1,1
13,,8538,Can I get some good neck out dis hoe?,1,1,2,1,,1,2,1,,1,1,1,,1,2,1,1,1,1,1
14,,1328,&#8220;@HighClassCapri: @what_evaittakes lmao I minds well be a hoe for all that &#128528;&#8221;&#128563;&#128563; I ain't mean like that girl lol,1,0,1,0,,0,1,0,,1,1,1,,1,0,0,0,0,1,1
15,,14754,RT @BlackNerdJade: RT @fivefifths: Hell wrong with yall? RT @TwanTargaryen: Pecan pie AND sweet potato pie trash. http://t.co/hH50P5pytX,0,1,1,1,,1,1,1,,1,2,1,,1,2,1,0,0,0,0
16,,24719,mimi trash lol,1,0,1,0,,0,2,0,,1,1,1,,1,1,1,0,0,1,0
17,,18493,"RT @WorIdStarFunnyy: this the ""I play soccer, cheat on girls, and wear khaki coloured cargos"" haircut http://t.co/NQyLxquLOC",1,1,1,1,,1,1,1,,0,1,0,,1,1,1,0,0,1,0
18,,2062,Bitch caught a body about a week ago ! Fuck with us and we get to tweekin hoe ! Run up on that niggah get to... http://t.co/av9YPjtwxn,1,1,2,1,,1,2,1,,1,2,1,,1,2,1,1,1,1,1
19,,5976,@dappermuke I stick up for my fam. don't disrespect the pouch my nigguh. and awe ily2 http://t.co/tuQ0uAd8bK,1,1,2,1,,1,2,1,,1,2,1,,1,2,1,0,0,1,1
20,,8788,"Cruising in my go kart at walmart selling cupcakes, go ahead admit faggot, this shit is tighter than butt rape~",1,1,2,1,,1,2,1,,1,2,1,,1,2,1,1,1,1,1
21,,3401,@GrizzboAdams fucking block your white ass because you try to start shit like a fucking queer so fuck you NIGGA,1,1,2,1,,1,2,1,,1,2,1,,1,2,1,1,1,1,1
22,,21863,That hoe was nipping,1,1,2,1,,1,2,1,,1,1,1,,1,1,1,0,1,1,1
23,,11690,"I'm starting to not like meek, this nig a lil to arrogant for me",1,1,2,1,,1,2,1,,1,1,1,,1,2,1,0,1,1,1
24,,19667,"RT @illest_qveen: im sick of bitches , bitching about other bitches &#128530;",1,1,2,1,,1,2,1,,1,2,1,,1,2,1,1,0,1,1
25,,1841,&#8220;@jcash___: @VoiceOfDStreetz noll nigga I'm Talm bout Tt and juice &#128514;&#128514;&#128514; @FreeMolly_&#8221; me too! Ion hoe Em,1,0,1,0,,0,1,0,,1,2,1,,1,0,0,0,0,1,1
26,,24563,if your trying out for Non-contact hockey dont call anyone else a pussy,1,1,2,1,,1,2,1,,1,1,1,,1,2,1,1,0,1,0
27,,14146,"People, RT this picture far and wide, if for no other reason than it makes teabaggers with poor spelling really angry http://t.co/gygRzYCIjq",1,1,1,1,,1,1,1,,1,2,1,,1,2,1,0,1,1,1
28,,15056,RT @CityBoiCoop: &#128557;&#128557;&#128557; RT @RoJustDGAF: Damn it RT @BobbyBudnic: &#9996;&#65039; RT @TittySlapMe: Once or twice is cool but damn bitch http://t.co/WTDCShx&#8230;,1,1,1,1,,1,1,1,,1,2,1,,1,2,1,0,0,1,1
29,,12993,Love'em and hate 'em... &#171;@my_shit_bit Big booty bitches.&#187;,1,1,1,1,,1,1,1,,1,1,1,,1,2,1,0,0,1,1
30,,16029,"RT @ItsDRecord: Bitches about to start that ""New year, New me"" bullshit.. You can't undo the numbers on that pussy thoo",1,1,2,1,,1,2,1,,1,2,1,,1,2,1,1,1,1,1
31,,2737,@BrenJJGMom @hweldon Well...how about those Yankees this year? What a run. #wtfiswrongwithnebraska,1,1,0,0,,1,0,0,,1,0,0,,1,0,0,0,0,1,0
32,,6227,"@gusandrews HEY! I'M still on LambdaMOO. (and it really is empty, nobody to talk to except that asshole bird...)",1,1,1,1,,1,1,1,,1,2,1,,1,2,1,0,1,1,0
33,,5616,@aasthaxoxo oh shut your mouth i was talkin about the morning you fag,1,1,2,1,,1,2,1,,1,2,1,,1,2,1,1,1,1,1
34,,22361,"They were taking a picture and I saw a bird fly past and I was like, oh bird! @HeidyPalma21",1,1,0,0,,1,0,0,,0,0,0,,1,0,0,0,0,0,0
35,,19172,"RT @chillin662: Boosie said he got a bitch from the Sip. #THOTs are gonna have ""Boosie's bitch in da Sip"" in their bio now #BETHipHopAwards&#8230;",1,1,2,1,,1,2,1,,1,1,1,,1,2,1,0,1,1,1
36,,11892,If u got yo shit pulled Upp past yo bellybutton YOU ARE TOO OLD FOR YOGA PANTS bitch it aint 1983,1,1,2,1,,1,2,1,,1,2,1,,1,2,1,1,1,1,1
37,,17384,RT @RLE_Raider: Thanks Ravens 4 beating those fags. Now believe I don't give a fuck about you. I'm Raider Nation bitches. Thanks 4 pu ...,1,1,2,1,,1,2,1,,1,2,1,,1,2,1,1,1,1,1
38,,15463,"RT @ElderLWM: And Black women need to stop referring to themselves and other sisters as ""hoes"" &amp; ""Bitches""..... It really ain't a good look&#8230;",1,1,1,1,,0,1,0,,1,1,1,,1,2,1,0,0,1,1
39,,11687,I'm sorry but why should I care about what bitch my nigga was fucking w before me,1,0,2,0,,0,2,0,,1,2,1,,1,2,1,0,1,1,1
40,,19636,"RT @iadorewomen_: #IfWeDate 
Get rid of Your Ex's 
&#128694;&#128694;&#128694;&#128694;&#128694;&#128694;&#128694;

Get rid of Your hoes
&#128131;&#128131;&#128131;&#128131;&#128131;&#128131;&#128131;

We don't Need No interference
&#128525;&#128145;&#128107;&#128141;&#128536;&#128143;&#10084;&#65039;&#128175;",0,1,2,1,,1,2,1,,1,2,1,,1,2,1,0,1,1,1
41,,4829,@SheanXIV &#128514; yea ion do Brussel sprouts .. I barely do cordon Bleu but I wanted to try something dif .. I get tired of nigger foods,1,0,1,0,,0,1,0,,1,1,1,,1,1,1,0,1,1,1
42,,15454,RT @EastSideKris: Lebron a bitch.....Drake performed with a torn ACL at the MTV Awards....,1,1,1,1,,1,1,1,,1,1,1,,1,1,1,1,1,1,1
43,,6182,@geokthree I literally just told @Black_SinS to his face how trash he is at the shop in hooping,1,1,2,1,,1,2,1,,1,2,1,,1,2,1,1,1,1,1
44,,22398,This biatch just called me a bitch &#128514;&#128514;,1,1,1,1,,1,1,1,,1,2,1,,1,2,1,1,1,1,1
45,,20859,"RT @youngscrap: I sent that bitch a smiley face, bitches love smiley faces &#128515;",1,1,1,1,,1,1,1,,1,2,1,,0,2,0,0,1,1,0
46,,4735,@SAMMI_boyden you fucking twat just start talking,1,1,2,1,,1,2,1,,1,2,1,,1,2,1,1,1,1,1
47,,18367,RT @VaTxn: Illegal alien is not a race. It's a crime. @MuchoMacho @McDonalds @jeandeaux1776 @cspanwj #wetbacks http://t.co/pf2YpelyOP,0,1,1,1,,1,1,1,,1,2,1,,1,2,1,0,1,1,1
48,,10376,I can neva count my stash cause I always lose count. I can neva keep no bitch cuz I put them hoes out,1,0,2,0,,0,1,0,,1,2,1,,0,2,0,0,1,1,1
49,,8364,Both of them hoes losers and need to hit the gym,1,1,2,1,,1,2,1,,1,2,1,,1,2,1,1,1,1,1
50,,8153,Bae gotta bitch &#128514; whoops &#128564;,1,1,1,1,,1,1,1,,1,1,1,,1,1,1,1,0,1,1
51,,6590,@kieffer_jason @hunterbuch66 @sbsylvester u fucking trailer trash,1,1,2,1,,1,2,1,,1,2,1,,1,2,1,1,1,1,1
52,,9390,Flights from Liberia should just be rerouted to Ferguson.. 2 birds 1 stone.,1,1,0,0,,1,0,0,,1,2,1,,1,2,1,0,0,1,1
53,,4135,@MakeAnothaHov T.o. was a faggot crybaby,0,1,1,1,,1,2,1,,1,1,1,,1,2,1,1,1,1,1
54,,11509,I'm about to hit a bitch,1,1,2,1,,1,2,1,,1,1,1,,1,1,1,1,1,1,1
55,,23751,You can ask if I fucked a bitch but can't ask how my Father's Day was?!! ... These hoes be outta line!,1,1,2,1,,1,2,1,,1,2,1,,1,2,1,0,1,1,1
56,,17128,"RT @OGTREEZ: Steve found out you can't call Taiquaniesha a ""stupid fuckin cunt"" like you can w Becky http://t.co/3A5qGki97B",1,1,2,1,,1,2,1,,1,1,1,,1,2,1,0,0,1,1
57,,14376,RT @49ant: you aint getting no hoes to come back to the room with you if you staying at circus circus bruh,1,1,1,1,,1,1,1,,1,1,1,,1,1,1,0,1,1,1
58,,24643,leaving no hope for these hoes.,1,1,1,1,,1,1,1,,1,1,1,,1,1,1,0,1,1,1
59,,16319,RT @KanyeFaaces: when you let go of all your hoes for one girl but she end up bein a hoe too http://t.co/kn1yKRw4J4,1,1,1,1,,1,1,1,,1,2,1,,1,2,1,1,1,1,1
60,,16629,RT @LmaoSoFunny: Kicked the soul outta dis bitch https://t.co/5xWHYdP7U8,1,1,2,1,,1,2,1,,1,2,1,,1,2,1,1,1,1,1
61,,8633,Celebratin while you hatin bitch.,0,1,1,1,,1,1,1,,1,2,1,,1,2,1,1,1,1,1
62,,15245,RT @DaCoolestLame: Yo BCU band made UCF band look like trash,0,1,1,1,,1,1,1,,1,2,1,,1,1,1,1,1,1,0
63,,2237,.@nathirhussein Al Qaeda's market share is dropping faster than Viacom &amp; Enron in the Jihadi stock market,1,1,0,0,,1,0,0,,1,2,1,,1,2,1,0,0,0,0
64,,18971,"RT @andrenickatina: Bitch at MacDonalds say..""U look a lil devilish 2day homey""..Oh well bitch..I WOKE UP LIKE THIS-I WOKE UP LIKE THIS(Bey&#8230;",1,1,1,1,,1,1,1,,1,2,1,,1,2,1,0,1,1,1
65,,24590,ion like papoose but he went in lol,1,1,0,0,,1,0,0,,1,2,1,,1,0,0,0,0,0,0
66,,19816,RT @juiceman829: @herk87 @RealMichaelKay how much does your wife wet pussy want another dick. #BIG HEAD,0,1,2,1,,1,2,1,,1,2,1,,1,2,1,1,1,1,1
67,,21712,Switch A Roo yo hoe let me hit her,1,1,2,1,,1,2,1,,1,2,1,,1,2,1,0,1,1,1
68,,1505,&#8220;@Queendev_: My leave out is trash &#128552;&#8221;&#128557;&#128557;&#128557; u sick,1,1,1,1,,1,1,1,,1,2,1,,1,1,1,0,0,0,1
69,,8130,"Bad bitch, chest out......no wonder why Miss Righteous keeps on getting left out",1,1,1,1,,1,1,1,,1,1,1,,1,2,1,1,1,1,1
70,,14016,Only keep real bitches in attendance &#128109;&#128129;,1,1,2,1,,1,2,1,,1,2,1,,1,2,1,0,1,1,1
71,,2777,@Buy_Mortimer @WiigJosh @iowa51005 @TC_live2014 @todd_calfee Hookers are always complimentary-who wants to be with a bitch?,1,1,2,1,,1,2,1,,1,2,1,,1,2,1,1,1,1,1
72,,15154,"RT @CrittaMo: I'm getting tired of these same ol no hope broke bitches! No job, all they wanna do is twerk and smoke Swishers",1,1,2,1,,1,2,1,,1,2,1,,1,2,1,1,1,1,1
73,,12956,Look at this fucking kaffirs hairdo. Only a nigger http://t.co/lmWqJ1EtOa,1,1,2,1,,1,2,1,,1,2,1,,1,2,1,1,1,1,1
74,,6835,@mayormcginn @usmayors @SenFeinstein White people need those weapons to defend themselves from the subhuman trash your sort unleashes on us.,1,1,2,1,,1,2,1,,1,2,1,,1,2,1,1,1,1,1
75,,4712,"@RottenStench
Dat was Charlie",1,1,0,0,,1,0,0,,1,0,0,,1,0,0,0,0,0,0
76,,17340,"RT @PrincexFbgm: Lonely twitter bitches be like 

#relationshipgoals &gt;&gt;&gt;&gt;&gt; http://t.co/9z9PxVnf89",1,1,1,1,,1,1,1,,1,1,1,,1,2,1,0,0,1,1
77,,19845,"RT @keep_ita_hunnit: Ya bitches got boddies but act like they dont count cause ya ""loved"" each other lmaoo",1,1,2,1,,1,1,1,,1,2,1,,1,2,1,1,1,1,1
78,,15355,RT @DinO_off_AD: Them hoes come them hoes go it's a revolving cycle &#128080;,1,1,1,1,,1,1,1,,1,2,1,,1,2,1,0,0,1,1
79,,11196,I swear I needa go on n go back to the old me because bitches think its a game apparently. Let's be real !,1,0,1,0,,0,2,0,,1,2,1,,1,2,1,1,0,1,1
80,,8616,Carrahs a bitch...,1,1,1,1,,1,1,1,,1,1,1,,1,1,1,1,1,1,1
81,,12781,Literally was in the best mood and bitches literally killed my vibe,1,1,2,1,,1,2,1,,1,2,1,,1,2,1,1,1,1,1
82,,13171,Miley cyrus kinda looks like a retarded care bear....,1,1,2,1,,1,2,1,,1,2,1,,1,2,1,1,1,1,1
83,,21455,Soap. I wish some pussy tho RT @ImJustCeej: What does your beard smell like?,1,0,2,0,,1,2,1,,1,1,1,,1,0,0,1,1,1,1
84,,18007,RT @ThatBoyACE71: Vonte not tweeting like a bitch finally,1,1,1,1,,1,1,1,,1,2,1,,1,1,1,1,1,1,1
85,,21763,Tell a bitch GTFO my face fa no reason,1,1,2,1,,1,2,1,,1,2,1,,1,2,1,1,1,1,1
86,,16535,RT @LeNoirAuteur: bitch don't do this RT @AZEALIABANKS: &#128078;,1,1,2,1,,1,2,1,,1,2,1,,1,2,1,0,1,1,1
87,,15545,RT @Fewjr: &#8220;@1MarKus_A: Pau a hoe. How u gon play after the trade deadline&#8221; I dislike that guy. Yea he helped bring two chips but he soft A&#8230;,1,1,2,1,,1,2,1,,1,2,1,,1,2,1,1,1,1,1
88,,22240,These hoes ain't yours it's just yo turn #&#128175;&#128175; u hear me?,1,1,2,1,,1,2,1,,1,2,1,,1,2,1,1,1,1,1
89,,9893,Hahahaha fucking pussies @kevinlove @KingJames @cavs,0,1,2,1,,1,2,1,,1,2,1,,1,2,1,1,1,1,1
90,,21552,Sone of y'all bitches need morning glory milk baths &#128514;&#128514;&#128514;,1,1,1,1,,1,1,1,,1,1,1,,1,2,1,1,1,1,1
91,,12408,"Jtfooooo at ""pussy on fleek""",0,1,1,1,,1,1,1,,1,2,0,,0,1,0,1,1,1,0
92,,11,""" Murda Gang bitch its Gang Land """,1,1,1,1,,1,1,1,,1,2,1,,1,2,1,1,1,1,1
93,,21183,She got me like fuck that bitch,1,1,2,1,,1,2,1,,1,2,1,,1,2,1,1,1,1,1
94,,2617,"@BarnabyEdwards @Bsilverstrim77 ""Dear Daily Mail, you misogynist pile of twats!"" https://t.co/rUYeOnusSt",0,1,1,1,,1,1,1,,1,1,1,,1,2,1,1,1,1,0
95,,11388,I wish people could just be straight up with me. Don't be a fake bitch to me because I'm not a fake bitch to you. Or anyone actually.,1,0,1,0,,1,2,1,,1,2,1,,1,2,1,0,0,1,0
96,,24290,especially since Rick and Andrea are banging each other in the comics but the bitch died already,1,1,1,1,,1,1,1,,1,2,1,,1,2,1,0,1,1,1
97,,22817,U of A hoes w/ the booties hangin out,1,1,2,1,,1,2,1,,1,2,0,,1,2,1,1,1,1,1
98,,14424,RT @APTheCreated: @bellabelcastro is the realest bitch I know. Lol,1,1,1,1,,1,1,1,,1,2,1,,1,2,1,0,0,1,0
99,,24582,"imma tall dread head wit a fat face

bitch do better",1,1,2,1,,1,2,1,,1,2,1,,1,2,1,0,0,1,1
100,,15987,"RT @ImNeverChillin: Any bitch that tell you ""I normally don't do this"" get ready for the best head/pussy you've ever got",0,1,2,1,,1,2,1,,1,2,1,,1,2,1,1,0,1,1
101,,13476,My stomach hurt like a bitch yoo,1,0,1,0,,0,1,0,,1,1,1,,0,2,0,0,0,1,1
102,,1935,&#8220;@skinnysowhat: @PAPER_CHAYSIN aye and when the hoes start coming don't forget who put you on &#128524;&#8221; I won't !!! &#128513;&#128513;&#128513;,1,1,2,1,,1,2,1,,1,2,1,,1,2,1,0,1,1,0
103,,5053,"@TheBlondeBetch WHOA sorry for the spell check error, its not ho it was hey so sorry",1,1,0,0,,1,0,0,,1,0,0,,1,0,1,0,0,0,0
104,,16847,RT @Milesss_: If u say #blessed u r hashtag lying and r probably unhappy w/ ur life fake bitches lolz&#128514;,1,1,2,1,,1,2,1,,1,2,1,,1,2,1,1,1,1,1
105,,3567,@Iemonaids @drugulaa some of them bitches give you more than a virus,0,1,1,1,,1,1,1,,1,2,1,,1,2,1,1,1,1,1
106,,19320,"RT @doddynyc: I'm mature enough to eat pussy when it's time too, eating ass is just disrespect.",1,0,1,0,,0,1,0,,1,2,1,,0,2,0,0,0,1,1
107,,17602,RT @SaucyJames: Go dumb bitch do your dumb dance,0,1,2,1,,1,2,1,,1,2,1,,1,2,1,1,1,1,1
108,,8042,As if it WASNT gon get Bacc to me &#128514;&#128557; bitch your outta your fuccing mind,1,1,2,1,,1,2,1,,1,2,1,,1,2,1,1,1,1,1
109,,17622,RT @Seinfeld2000: Uncle leo find iWatch in trash can http://t.co/T7GCSMCYLB,1,1,0,0,,1,0,0,,1,0,0,,1,0,1,0,0,0,0
110,,20220,RT @ochocinco: If your girl didn't camp out overnight to buy you the iPhone 6 your pee pee is trash...,1,1,2,1,,1,2,1,,1,2,1,,1,2,1,1,0,1,1
111,,5384,"@YourDudeFerg I wish you wood, Like a tree in this bitch",1,1,1,1,,1,1,1,,1,2,1,,1,0,1,1,0,1,1
112,,8504,"Bye, Bye Charlie Strong.",1,1,0,0,,1,0,0,,1,1,1,,1,0,0,0,0,0,0
113,,14523,RT @AndreShakti: Just took electric stim to my pussy! Eeek! Back on @KinkLive in 5 mins! http://t.co/41apcwSmQN,1,0,1,0,,1,1,1,,1,0,0,,0,0,0,0,0,1,1
114,,19639,RT @iaintshitbruh: white bitches win again smh &#8220;@trackinBlackKev: i fucking hate you @MichelleDBeadle&#8221;,1,1,2,1,,1,2,1,,1,2,1,,1,2,1,1,1,1,1
115,,18827,RT @__thaRealist: @pskinny31 &#128514;&#128514;&#128514; chill bitch,1,1,1,1,,1,1,1,,1,2,1,,1,2,1,0,0,1,1
116,,5689,@areuseriousrn @harmon_lauren it's okay I'll get bitches on this dick anyway but thanks for the tip,1,1,2,1,,1,2,1,,1,1,1,,1,2,1,1,1,1,1
117,,296,"""@_TommyCollins: @WeAreRichnow @buffalobills yeah Texans are so much better you fucking retard"" I see that you're mad about this.",1,1,2,1,,1,2,1,,1,2,1,,1,2,1,1,1,1,1
118,,4218,"@Midnight_Snacka bitch when r u going to get ur round, I just fucking said this just proving my point",1,1,2,1,,1,2,1,,1,2,1,,1,2,1,0,0,1,1
119,,12960,Look at you lying ass bitches couldn't finish school stripping on ya mind ass bitches,1,1,2,1,,1,2,1,,1,2,1,,1,2,1,1,1,1,1
120,,23661,Yo bitch choosin just let her http://t.co/zg6X4gDyRZ,1,1,1,1,,1,1,1,,1,2,1,,1,2,1,0,1,1,1
121,,22470,This bitch said she'll do something strange for some change,1,1,1,1,,1,1,1,,1,2,1,,1,1,1,0,0,1,1
122,,402,"""@soxdawg: RAWR!! RT @skinrubberboi: ""My"" sexy French scally. I love him! #frenchscally http://t.co/5idQ3R5Akz"" sexy scally woof woof",1,1,0,0,,1,0,0,,1,2,1,,1,0,0,0,0,0,0
123,,2167," You tall tree ass females be 6'0 TALKIN bout "" Catching Feelings "" , bitch you need to catch this touchdown... http://t.co/lMgkDuxzY7",1,1,2,1,,1,2,1,,1,2,1,,1,2,1,1,1,1,1
124,,10318,I be like... bitch please. lol http://t.co/PNVmaacWY0,1,1,1,1,,1,1,1,,1,2,1,,1,2,1,0,0,1,1
125,,1604,&#8220;@Tinypinkisboss: can't stand a playin ass nigga&#9995;&#8221;bitch*,1,1,2,1,,1,2,1,,1,2,1,,1,2,1,1,1,1,1
126,,20602,RT @thecoreyholcomb: You are who you kick it wit y'all. Check yo squad- if busters &amp; blameamotherfucker ass bitches surround U it's twice a&#8230;,0,1,2,1,,1,2,1,,1,2,1,,1,2,1,0,1,1,1
127,,8177,Bbl gonna go sob over gay bird babies.,1,1,0,0,,1,0,0,,1,2,1,,0,0,0,0,1,0,0
128,,428,"""And bitch you must be lost"" &#128514;&#128514;",1,1,1,1,,1,1,1,,1,2,1,,1,2,1,0,0,1,1
129,,3298,@Fulf_ShawnFulf peckerwood,1,1,0,0,,1,1,1,,1,1,1,,1,1,1,1,0,1,1
130,,16185,RT @Jim_McCloskey: Why does Hawkeye have to be in the Avengers? He's such a pussy,1,1,2,1,,1,2,1,,1,2,1,,1,2,1,1,1,1,1
131,,14325,"RT @0hallis0n: ""This is J Cole you fucking queer""",1,1,2,1,,1,2,1,,1,2,1,,1,2,1,1,1,1,1
132,,6229,@gvvenivere learn how to type ya hillbilly,1,1,1,1,,1,2,1,,1,2,1,,1,2,1,1,1,1,1
133,,24702,"maddie, karissa, Ireland, cierra and I have gotten so close I'd kill a bitch for them tbh",1,0,1,0,,1,2,1,,1,1,1,,1,2,1,0,1,1,1
134,,19914,RT @kyanne_smith: @rahshauna. You arent a bitch.,1,1,1,1,,1,1,1,,1,1,1,,1,1,1,0,0,1,0
135,,7362,@thereal_2raw He actually good lol don't hoe him. But I mean that's some road to glory shit &gt;Go to Northern Illinois* *Undefeated &amp; Heisman*,1,1,1,1,,1,1,1,,1,1,1,,1,2,1,0,0,0,0
136,,20116,RT @mikcakers: But then again i aint never worried bout no bitch nor nigga !!,0,0,2,1,,0,2,0,,1,2,1,,0,2,0,1,1,1,1
137,,6054,"@drew4130 @mailgal2000
Y'all hire colored folk? Only work half da day and throw da mail in da sewer if we ain't done",1,1,0,0,,1,0,0,,1,2,1,,1,2,1,1,1,1,1
138,,18780,RT @__DayAnnaa: Bobby bitch bobby bitch &#128293;&#128293;&#128520;,1,1,1,1,,1,2,1,,1,2,1,,1,2,1,0,1,1,0
139,,15743,RT @GreaterThn: When you see bae retweet or mention some hoe http://t.co/864iI0yIoV,1,1,1,1,,1,1,1,,1,1,1,,1,1,1,0,0,1,1
140,,17287,"RT @Pinche_Adina: ""@StayWavyBruh: These hoes getting pregnant just to put some shit like ShaqualidaeMommy, BarackeishaMommy in they IG Bio&#8230;",1,1,2,1,,1,2,1,,1,2,1,,1,2,1,1,1,1,1
141,,2516,"@AntonioFrench The ""You&#8217;re going 2have 2 KILL crackers &amp; their babies&#8221; New Black Panthers #CredibilityShot #FergusonRiot #Justice4MikeBrown",1,1,2,1,,1,2,1,,1,2,1,,1,1,1,1,1,1,1
142,,8863,Damn hoe.. You so ugly even hello kitty said goodbye.,1,1,2,1,,1,2,1,,1,2,1,,1,2,1,1,0,1,1
143,,23125,What's up with all these bitches in bed clothes...? Walking the streets like that shit is cute.,1,1,2,1,,1,2,1,,1,2,1,,1,2,1,0,0,1,1
144,,14207,Plot twist I fucked your bitch,1,1,2,1,,1,2,1,,1,1,1,,1,1,1,0,1,1,1
145,,16655,RT @LoveAmari_x: I would never be with someone that's afraid to tell niggas and bitches we're together. I look like a secret? Fuck outta h&#8230;,0,1,2,1,,1,2,1,,1,2,1,,1,2,1,0,1,1,1
146,,14273,Punch that hoe cause she deserve it.,1,1,2,1,,1,2,1,,1,1,1,,1,2,1,1,1,1,1
147,,23944,You're a bitch &amp; I hate you,1,1,2,1,,1,2,1,,1,2,1,,1,2,1,1,1,1,1
148,,15261,RT @DailyRapFacts: .@YG is the voice behind @DJmustard&#8217;s &#8220;Mustard on the beat hoe,1,1,1,1,,1,1,1,,1,1,1,,1,0,1,0,1,1,0
149,,3782,@Joe_Schmucc Dog Government jobs is the SHIT. I done got my last few off that bitch.,1,1,2,1,,1,2,1,,1,2,1,,1,2,1,0,0,1,0
150,,4875,@SpecialEd24 gotta turn the hoe into housewife,1,1,1,1,,1,2,1,,1,1,1,,1,2,1,1,1,1,1
151,,21151,Shaved pussy ho gets serious anal sex&#160;here! http://t.co/ECvvmwfh88,0,1,2,1,,1,2,1,,1,2,1,,1,2,1,1,1,1,1
152,,15012,"RT @CheefPolo: i hate when bitches be like ""deeper, deeper"" bitch what u thought i had some spare dick in my back pocket i was saving?",1,1,2,1,,1,2,1,,1,2,1,,1,2,1,1,1,1,1
153,,1050,&#128543; &#8220;@DubPeeWorld: So the new wave is bitches wearing mini shovels on their hand&#8221;,1,1,1,1,,1,1,1,,1,2,1,,1,2,1,0,1,1,1
154,,22637,"Those ""tell me about yourself "" lookin ass niggas ... Ima crazy bitch that's all you need to know.",1,1,2,1,,1,2,1,,1,2,1,,1,2,1,1,1,1,1
155,,2002,&#8220;@zooyorkinit: @whattheflocka lol love you ;)&#8221; little bitch,1,1,1,1,,1,1,1,,1,1,1,,1,1,1,0,0,1,1
156,,14732,RT @BiggMoe_: Floyd Mayweather stay with a badd bitch lol,1,1,1,1,,1,2,1,,1,0,0,,1,2,1,0,0,1,0
157,,462,"""He a bitch for hitting that hoe"" &#128514;&#128514;&#128514;&#128514;&#128514;&#128514;&#128514;&#128514;&#128514;",1,1,1,1,,1,1,1,,1,2,1,,1,2,1,1,1,1,1
158,,24768,niggas &amp; bitches dating ugly niggas &amp; hoes kuz they can trust em then they cheat w/ the elite hoes &amp; niggas ...&#128514;&#128514;&#128514;,1,1,2,1,,1,2,1,,1,2,1,,1,2,1,1,1,1,1
159,,2866,@CayMarieee omg bitch go to sleep it was JUST a coincidence huh ? &#9995;&#128514;,1,1,2,1,,1,2,1,,1,2,1,,1,2,1,0,1,1,1
160,,14169,Photo: Mustard on the beat hoe #wdywt http://t.co/DKYqcnRuNO,1,1,1,1,,1,1,1,,1,1,1,,0,0,0,0,0,1,1
161,,10988,I love fat bitches. That's my fucking problem. @RooDee_Poo,1,0,2,0,,1,2,1,,1,2,1,,1,2,1,0,1,1,1
162,,131,"""@GirlThatsVonte: Yall bitches wit no edges be doing the most talking &#128553;&#128564;&#9995;""&#128514;&#128514;&#128514;",1,1,1,1,,1,1,1,,1,1,1,,1,2,1,1,1,1,1
163,,7903,"Also love angry old Irish bartenders ""pussies have one beer and ask for a glass of water, fuck them I ignore that shit""",1,1,2,1,,1,2,1,,1,2,1,,1,2,1,0,1,1,1
164,,22205,These bitches so redundant,1,1,2,1,,1,2,1,,1,1,1,,1,2,1,1,1,1,1
165,,6609,@kieffer_jason and stop being a bitch made nigga and man up and show up for that ass whooping,1,1,2,1,,1,2,1,,1,2,1,,1,2,1,1,1,1,1
166,,15500,RT @FINALLEVEL: Follow my DOG.. he has over 17K bitches RT @CuteSpartacus: I made a golden retriever my bitch today at the park. http:// ...,1,0,1,0,,1,1,1,,1,2,1,,1,2,1,0,0,1,1
167,,13156,"Met this bitch online. Call her my ""e-bae""",1,1,1,1,,1,1,1,,1,1,1,,1,1,1,0,1,1,1
168,,1697,&#8220;@___Tamm: @VoiceOfDStreetz cuz you a hoe lol&#8221; cuz you went on your lil rant on me man!,1,1,1,1,,1,1,1,,1,2,1,,1,2,1,1,1,1,1
169,,19205,RT @connorbagen: You know she's a dyke when she asks for men's golf clubs,0,1,2,1,,1,2,1,,1,1,1,,1,2,1,1,1,1,1
170,,893,"#porn,#android,#iphone,#ipad,#sex,#xxx, | #Ebony | ebony texas bbw with big deep pussy http://t.co/dBbxsoW8M2",1,1,2,1,,0,2,0,,1,1,1,,0,1,0,1,1,1,1
171,,20525,"RT @supercos7: @peddoc63 @Cavemaninc @CarmineZozzora @DB103173 
Charlie understood &#128299; how to keep those percentages &#128201; lower.. http://t.co/&#8230;",1,0,0,0,,1,0,0,,0,0,0,,1,0,0,0,0,0,0
172,,7651,"A knock on the door. ""Who could it be at this hour?!"" I shuffle down the hall. ""Who is it?"" I ask. It's a bad bitch and a burrito. The end.",1,1,1,1,,1,1,1,,1,1,1,,0,2,0,0,0,1,0
173,,5780,@bitchdicknigga yeah cum itch my slit baby cakes,1,0,2,1,,1,2,1,,1,2,1,,1,2,1,1,1,1,1
174,,19936,"RT @leechee420: I went to GNC today and the cashier had ""bitch, we don't sell chocolate cake here"" written all over her face when she looke&#8230;",1,0,1,0,,1,1,1,,1,1,1,,1,2,1,0,0,1,1
175,,4210,@MichhelleAshley who is this we..? I dont love hoes,1,0,2,0,,1,2,1,,1,2,1,,1,2,1,0,1,1,1
176,,20551,RT @taysymonee: @1inkkofrosess that hoe so icy&#128557;&#128293;,1,1,1,1,,1,1,1,,1,2,1,,1,1,1,1,1,1,1
177,,21864,That ios8 gon get yall bitches fucced up . Trynna hide shit,1,1,2,1,,1,2,1,,1,2,1,,1,2,1,1,1,1,1
178,,4723,@RussellTpot LOL dude.. I wish they hadn't. I got a DD214 that would make a pussy like you cry for the enemy.,0,1,1,1,,1,1,1,,1,2,1,,1,2,1,1,1,1,1
179,,18811,RT @_____redd: killing these bitches go body for body &#128530;&#128524;&#127911;,1,1,2,1,,1,2,1,,1,1,1,,1,2,1,1,1,1,1
180,,13082,Marca got so many hoes she confused on what to do,1,1,1,1,,1,1,1,,1,1,1,,1,1,1,0,1,1,1
181,,11696,I'm such a bitch to Austin &#128514;&#128514;,1,0,1,0,,0,1,0,,0,2,0,,1,1,1,0,0,1,0
182,,4805,@Seanability I love her too much. Maybe one of my bitchier birds...,1,0,1,0,,1,1,1,,1,1,1,,1,1,1,0,0,1,1
183,,12599,"LMaoooo. ... &#171;@whoelsebutkey @nobetternoworst No shade taken. It's Swahili for ho. And like, Den&#8226;suaw. Lol.&#187;",0,1,1,1,,1,1,1,,1,2,1,,1,2,1,0,0,1,0
184,,3010,@D_MrHoopa23 see thats all gill and green bitch ass they didn't help me get my schools either. Y'all still in the tournament,1,1,1,1,,1,1,1,,1,2,1,,1,2,1,1,1,1,1
185,,17069,RT @NoWomanIsRight: Only way I want a female to cover up if I like her the rest of you hoes I want to see half naked pics on the TL,1,1,2,1,,1,2,1,,1,2,1,,1,2,1,1,1,1,1
186,,1049,&#128540;&#128583;&#128582; I hate ya bitch ass,1,1,2,1,,1,2,1,,1,1,1,,1,2,1,1,1,1,1
187,,1488,"&#8220;@OnStar: #Mondays are a whole lot better when you're driving a vehicle http://t.co/LIixxMzNdZ&#8221;

""That white pussy uhhh get ya""",1,1,2,1,,1,2,1,,1,0,0,,1,1,1,1,1,1,1
188,,8498,But you can't tell a broke bitch nothin &#128514;&#128514;&#128514; &#128056;&#9749;&#65039;,1,1,1,1,,1,2,1,,1,2,1,,1,2,1,1,1,1,1
189,,2632,@BekySawyer boats and hoes,1,1,1,1,,1,1,1,,1,2,1,,1,0,0,0,0,1,1
190,,12992,"Love you more, than those bitches before. Say you'll remember, baby, say you'll remember. I will love you until the end of time. &#9203;&#128149;",1,1,1,1,,1,1,1,,1,2,1,,1,2,1,0,0,1,1
191,,18989,RT @argenivee: Its kinda pathetic how these bitches on BGC be 21+ &amp; be acting so childish af,1,1,2,1,,1,2,1,,1,2,1,,1,2,1,1,1,1,1
192,,10822,"I have to tell you a secret,
""your a stupid hoe""",1,1,2,1,,1,2,1,,1,2,1,,1,2,1,1,1,1,1
193,,12988,Love having subs cause when my Mom starts being a fucking bitch I just crank up the system. Simple solutions,1,1,2,1,,1,2,1,,1,2,1,,0,2,0,1,1,1,1
194,,5342,@Xianilee BOOM bitches !,1,1,2,1,,1,2,1,,1,2,1,,1,2,1,1,0,1,1
195,,72,"""@BOSSBYTCHH: Him seh me pussy wetter then a shower curtain....#ahmesehwetness""&lt;lmao!!",1,0,1,0,,0,1,0,,1,2,1,,1,2,1,1,0,1,1
196,,19430,RT @fitemeirl1v1: Lol everyone's a lil bitch,1,1,2,1,,1,2,1,,1,0,0,,1,2,1,0,0,1,1
197,,6204,@godrocamora416 faggot,1,1,1,1,,1,1,1,,1,1,1,,1,1,1,1,1,1,1
198,,21146,Sh*t!!!! RT @DipOnline If K Michelle was apart of Baltimore twitter she'd be one of them hoes saying she's celibate smh,1,1,1,1,,1,2,1,,1,2,1,,1,2,1,1,1,1,1
199,,4981,@T_Kelllz not only that.. after he pushed him he stepped back lolol. That was some pussy shit,1,1,1,1,,1,1,1,,1,2,1,,1,2,1,1,1,1,1
200,,3943,@KingHov1313 @Pr3ttyN33 song trash....,1,1,1,1,,1,1,1,,1,2,1,,1,1,1,1,1,1,0
201,,610,"""Yo can I sublet your pussy"" #ShitFahdSays",1,1,2,1,,1,2,1,,1,2,1,,1,2,1,1,1,1,1
202,,2938,"@Cody_smith64 true! I miss yall man, yall are my brothers. Is mikey starting? And what about the chink? Lmfao",1,1,1,1,,1,1,1,,1,2,1,,1,1,1,1,1,1,1
203,,11670,I'm sick as fuck... this shit is for the birds,1,0,2,0,,0,2,0,,1,2,1,,0,2,0,1,0,1,0
204,,23974,Young bitches talk about their new man ALLLL DAY....as if anyone is really intrested in that shit lol,1,1,2,1,,1,2,1,,1,2,1,,1,2,1,0,1,1,1
205,,16644,RT @LouieVRee: Dyke bitches walk around proud with their pregnant girlfriend like they got her pregnant,1,1,2,1,,1,2,1,,1,2,1,,1,2,1,1,1,1,1
206,,25115,top notch hoes get the most not the lesser,1,1,1,1,,1,1,1,,1,2,1,,1,1,1,1,0,1,1
207,,5893,@chesteredits @nacbiller not as bad as a former PsyQo nigger THAT LIKES ANIME,1,1,2,1,,1,2,1,,1,2,1,,1,2,1,1,1,1,1
208,,19938,RT @legapsi06: I've only watched 10mins of this trash and I feel like I just wasted some valuable minutes of my life that I can never get b&#8230;,1,0,1,0,,0,2,0,,0,2,0,,0,2,0,0,0,0,0
209,,8328,"Black Dynamite! &#128514;&#128514;&#128514;&#128514;&#128514;&#128514; ""All the hoes gone?! My dick harder than slavery!"" *wall-slides*",1,1,2,1,,1,2,1,,1,2,1,,1,2,1,1,1,1,1
210,,16335,RT @Kay_M_es: These bitches act local n think global,1,1,1,1,,1,1,1,,1,1,1,,1,2,1,0,0,1,1
211,,24703,make ur bitch want some more &#127908;&#127911;,1,1,2,1,,1,2,1,,1,2,1,,1,2,1,1,1,1,1
212,,1015,&#128514;&#128514;&#128514;&#128514; I hate you! RT @YumiYoko: Cyrus ho is a rookie slut. getting the cash after the date? nope nope nope.,1,1,2,1,,1,2,1,,1,2,1,,1,2,1,1,1,1,1
213,,10872,I just seen a hit bitch call a hit bitch ugly .. that shit be funny ctfu,1,1,2,1,,1,2,1,,1,2,1,,1,2,1,1,1,1,1
214,,20271,"RT @peeabut: Dear god, make me a bird so I can fly far, far far away",1,0,0,0,,0,0,0,,1,0,0,,0,0,0,0,0,0,0
215,,14361,RT @3Much4TheseHoez: RT @iDntWearCondoms: If I DM u don't announce it to the timeline bitch I'm tryna fuck on the low,1,1,2,1,,1,2,1,,1,2,1,,1,2,1,1,1,1,1
216,,3721,@JawShoeeAhhh bitch answer me lol,1,1,2,1,,1,2,1,,1,1,1,,1,2,1,1,1,1,1
217,,2978,@Crowe_FaShow cause of the loads of pussy you get right,1,1,1,1,,1,1,1,,1,1,1,,1,2,1,1,1,1,1
218,,18607,RT @YunGMiGo: Spit da same game to hoes like da same clothes money bring power so we like a bankroll @Shane_A1,1,1,1,1,,1,1,1,,1,2,1,,1,2,1,1,1,1,1
219,,6072,@eburnns oh wow the bitch is bitching again #niggasuprized,1,1,2,1,,1,2,1,,1,2,1,,1,2,1,1,1,1,1
220,,4808,"@Selecta_kerry I seeing ppl saying running a train on a bird, and a parry is the same thing, but das not what I know..so looking for clarity",1,0,0,0,,0,0,0,,1,2,1,,1,0,0,0,0,1,0
221,,14790,"RT @Book_Krazy: I don't always get drunk and pass out but when I do, when did they start making colored duct tape?",1,0,0,0,,0,0,0,,0,0,0,,0,0,0,0,0,0,0
222,,313,"""@altosteel115: http://t.co/tM28mh5XG2"" woof woof. Sexy thug boy scally.",1,1,0,0,,1,0,0,,1,2,1,,1,1,1,0,0,1,0
223,,5652,@alexrice_ wow your like 3 years late bitch,1,1,1,1,,1,1,1,,1,2,1,,1,2,1,0,0,1,1
224,,22884,Vagina flavored bacon bitch,1,1,2,1,,1,2,1,,1,1,1,,1,2,1,1,1,1,1
225,,9324,Fed ex some real hoe boys,1,1,2,1,,1,2,1,,1,1,1,,1,1,1,0,1,1,1
226,,9603,Fuk wit a real nicca,1,1,2,1,,1,2,1,,1,1,1,,1,1,1,1,1,1,1
227,,15028,RT @ChiefKeef: If my bitch fuckin she jus a thot! I mean I'm tryna take shit to a next level here.,1,1,2,1,,1,2,1,,1,2,1,,0,2,0,1,1,1,1
228,,14111,Peace faggots. http://t.co/0i54t117x9,1,1,1,1,,1,1,1,,1,1,1,,1,1,1,1,1,1,1
229,,13562,Never seen purple bird poop until today lol http://t.co/4Psdx11Uu1,1,1,0,0,,0,0,0,,0,0,0,,0,0,0,0,0,0,0
230,,20869,"RT @yunglust: @WeakndMLG @hannahtherapper she a hoe year-round, yeezy taught me",1,1,1,1,,1,1,1,,1,1,1,,1,2,1,1,1,1,1
231,,17006,RT @NerdAtCoolTable: RT @RealSheemBacc: For every bad bitch there is a nigga who treats them like shit &amp; yet they stay..... I wanna ...,1,1,2,1,,1,2,1,,1,2,1,,1,2,1,0,1,1,1
232,,6463,"@jordan536633 @heydenbunsyolo @bird_lovin bitch what huh nigga am not gonna do damn thing sir this my page, oh what u forgot",1,1,2,1,,1,2,1,,1,2,1,,1,2,1,1,1,1,1
233,,3459,@HiPHopFeEeN old with a old wolf pussy that is,1,1,2,1,,1,1,1,,1,1,1,,1,2,1,1,1,1,1
234,,13507,Nah Mimi a bitch,1,1,1,1,,1,1,1,,1,1,1,,1,2,1,1,1,1,1
235,,20981,"Rise up, gonna get higher and higher! Its all hips and nips, otherwise I ain't eating!",1,1,0,0,,1,0,0,,1,2,1,,0,2,0,0,0,0,0
236,,14838,RT @BrodyBolerjack: @Tonyjohns000 johns.... be honest.... you got hoes in different area codes,1,1,1,1,,1,1,1,,1,1,1,,1,2,1,0,1,1,0
237,,25174,what a retard lol,1,1,2,1,,1,2,1,,1,1,1,,1,2,1,1,1,1,1
238,,6560,"@kboydee like some of the ""worst"" lyrics they post are beautiful but just because they don't know what they're talking about, it's ""trash""",1,1,0,0,,1,0,0,,1,2,1,,1,2,1,0,0,0,0
239,,5816,@bri_shackelford @bellaangeletti sorry dyslexia is a bitch,1,1,1,1,,1,1,1,,1,1,1,,1,1,1,1,0,1,1
240,,14529,"RT @AndyMilonakis: You give these bitches the Amex once, they gonna act like a chilly snob and try to go get that cardigan",1,1,1,1,,1,1,1,,1,2,1,,1,2,1,1,1,1,1
241,,17057,RT @NoChillPaz: That bitch is dirty http://t.co/gWvAnyKzoo,1,1,1,1,,1,1,1,,1,1,1,,1,2,1,1,1,1,1
242,,17625,RT @SenorSteez This whole week was trash,1,1,1,1,,1,1,1,,0,1,0,,1,1,1,0,0,0,0
243,,11660,I'm retarded hungover and all we had were beers. A lot of beers.,1,0,1,1,,0,1,0,,1,2,1,,0,0,0,0,0,1,1
244,,22888,Vanessa is such a fuckin faggot.,1,1,2,1,,1,2,1,,1,2,1,,1,2,1,1,1,1,1
245,,9709,Glad I ain't got no bird legs &#128514;,1,0,0,0,,0,0,0,,0,0,0,,0,0,0,0,0,0,0
246,,1367,&#8220;@JennaHord12: @ambernicolee05 dreamgirl McKee &#128514;&#8221;Ooh! Bet you wooonnnttt stick dat hoe,1,1,1,1,,1,2,1,,1,2,1,,1,2,1,0,1,1,1
247,,4374,@NatsuKun1 I'm already a hot white bitch and hot Latina get on my level,1,0,1,1,,0,1,0,,1,2,1,,1,2,1,0,0,1,1
248,,16859,RT @MissVoshay: &#8220;@VaIentinesCards: http://t.co/y75Aw0Olm3&#8221; ooooo give this one to the hot pocket hoe #AAMU,1,1,1,1,,1,1,1,,1,2,1,,1,1,1,0,1,1,1
249,,13586,Next bitch I fuck. I'm goin to her spot lol,1,1,2,1,,1,2,1,,1,1,1,,1,2,1,1,1,1,1
250,,12161,Is that the remix fam? &#8220;@Iam_webster: These hoes aint lawyers &#128553;&#127908; lol on god thats my fav Chris Brown song&#8221;,1,1,1,1,,1,1,1,,1,2,1,,1,2,1,0,0,1,1
251,,25108,today i start breaking in a new pair of docs have mercy on my soles,1,0,0,0,,0,0,0,,0,2,0,,0,0,0,0,0,0,0
252,,1056,&#128553;&#128557; RT @Freegeezy17: My Co worker talking about what's my twitter name Oh no hoe you could never screen shot me to the boss,1,1,2,1,,1,2,1,,1,2,1,,1,2,1,0,0,1,1
253,,5114,@TheRealaaw &#128514;&#128514;&#128514;&#128514; pot of gold ass nigguh,1,1,1,1,,1,1,1,,1,1,1,,1,2,1,1,1,1,1
254,,5705,@asiahh__ nah I replied to you like I did to literally everyone else who called it trash... Go and check if you don't believe me,1,1,0,0,,1,0,0,,1,2,1,,1,2,1,0,0,0,0
255,,8395,"Brady heard yall say he was washed, now he washing the league on you hoe ass niggas.",1,1,2,1,,1,2,1,,1,2,1,,1,2,1,1,1,1,1
256,,23921,You thought I was playin when I cut that bitch off,1,1,1,1,,1,2,1,,1,1,1,,1,1,1,0,1,1,1
257,,7357,@thejournalist44 best O-Lineman is a rookie. It's him and a bunch of retards I wouldn't trust with a potato gun.,1,1,1,1,,1,1,1,,1,2,1,,1,2,1,1,1,1,1
258,,19426,RT @fierce_swagg: Unfollow me bitch. I won't cry about it. &#128536;&#128536;,1,1,1,1,,1,2,1,,1,2,1,,1,2,1,1,1,1,1
259,,7749,"Ain't shit like fucking another nigga bitch and askin her ""who pussy is this"" and she say yours lmao no bitch im stealing this pussy lol",1,1,2,1,,1,2,1,,1,2,1,,1,2,1,1,1,1,1
260,,14547,"RT @AntiJokeJamal: A dick has a sad life: His hair is a mess, his family is nuts, his neighbor's an asshole, his best friend's a pussy & ...",1,1,2,1,,1,2,1,,1,2,1,,1,2,1,0,0,1,0
261,,15198,"RT @CzarofSwag: To the retards chanting USA at the FC Dallas game, Kansas is in the USA.",1,1,1,1,,1,1,1,,1,2,1,,1,1,1,1,1,1,1
262,,18383,RT @VersaceTweetGod: Jenny was a hoe til she got AIDS until she was ready to settle down with Forrest Gump who tried saving her SO many tim&#8230;,1,1,2,1,,1,2,1,,1,2,1,,1,2,1,0,1,1,1
263,,6898,@mommajjojo love you too bitch :*,1,1,1,1,,1,1,1,,1,1,1,,1,1,1,0,0,1,1
264,,7051,"@pragathiguru , i'm viswa moulie. I wanna be ur friend.. Please, shall i ?",1,1,0,0,,1,0,0,,1,0,0,,1,0,0,0,0,0,0
265,,24968,spoiled fucking bitches who get whatever they want need to step off and re-evaluate their lives,1,1,2,1,,1,2,1,,1,2,1,,1,2,1,1,1,1,1
266,,509,"""I'm sick of his shit man @JonnieSantana: Sit his bitch ass, I'm fed up bro RT ""@80sbaby4life: Geno threw yet another pick smh""""",1,1,2,1,,1,2,1,,1,2,1,,1,2,1,1,1,1,1
267,,24858,pop me a pill &amp; throw that pussy a rave,1,0,1,1,,1,2,1,,1,1,1,,1,2,1,1,1,1,1
268,,21662,Stupid bitches.,1,1,2,1,,1,2,1,,1,1,1,,1,2,1,1,1,1,1
269,,24325,foreign iphone imma call a goth hoe http://t.co/0IEX8q4WMl,1,1,1,1,,1,1,1,,1,1,1,,0,0,0,0,0,1,1
270,,7059,@prime13_time @Vbomb20 hey I guess yall forgot im in this bitch too lol,1,0,1,0,,1,1,1,,1,2,1,,1,2,1,0,0,1,0
271,,19669,RT @illi708: the easy way out RT @BiggieBOSSMane While you females calling them hoes asking if they want ketchup with they fries. http://t&#8230;,1,1,1,1,,1,1,1,,1,2,1,,1,2,1,1,1,1,1
272,,6666,@kieffer_jason wtf u think u ole pussy ass nigga,1,1,2,1,,1,2,1,,1,1,1,,1,2,1,1,1,1,1
273,,10868,I just need to know what that pussy like so one time is fine with me - drizzy lol,1,0,1,1,,1,0,0,,1,2,1,,1,2,1,1,1,1,1
274,,4826,@ShawnieceQB i remember a time when Hilfiger wus seen as being above Polo...until he said he aint wan niggers wearing his ish...,0,1,1,1,,1,1,1,,1,2,1,,1,2,1,1,1,1,1
275,,17305,"RT @PoisonedKissx3: This white boy reached 999 in flappy bird, im so done with life...",1,0,0,0,,0,0,0,,0,2,0,,1,0,0,0,1,0,1
276,,19208,RT @constantini_c: Who wants to be @ImFlyinJryan's 600 follower? Follow bitches! #cruze2014 #Pittsburgh,1,1,1,1,,1,2,1,,1,1,1,,1,2,1,0,0,1,1
277,,7333,@team_Darrion night jigaboo http://t.co/vxKCG4yGXF,1,1,1,1,,1,1,1,,1,1,1,,1,1,1,0,1,1,1
278,,3006,@DSwaggin6_ @_JustDavilaa @xaviee_21 @Quise4144 look at ur avi u fag,0,1,2,1,,1,2,1,,1,2,1,,1,2,1,1,1,1,1
279,,17233,RT @PRAYINGFORHEAD: no sex bitch i only want the decks bitch (yu-gi-oh),1,0,1,1,,1,1,1,,1,2,1,,1,2,1,1,1,1,1
280,,4558,@PraviKingDino bitch,1,1,1,1,,1,1,1,,1,1,1,,1,1,1,1,0,1,1
281,,8403,Breaking yo bitch like a KitKat nigga,1,1,2,1,,1,2,1,,1,2,1,,1,2,1,1,1,1,1
282,,2073,Fuck her right in the pussy &#1041204;&#1041204;&#1041204;&#1041204;,1,1,2,1,,1,2,1,,1,2,1,,1,2,1,1,1,1,1
283,,20245,RT @oroozco16: &#8220;@Tonymartinezz15: Some bitches need to get a life &#128175;&#128079;&#128524;&#8221;,1,1,1,1,,1,2,1,,1,2,1,,1,2,1,1,1,1,1
284,,21261,ShoutOut to Brooklyn and this $3.47/gal gas. On my way to Atlantic to mess with ghetto girls working at Target now.,1,1,1,1,,1,1,1,,1,2,1,,1,2,1,0,1,1,1
285,,9971,Having a bitch come in handy during times like this &#128533;,1,1,1,1,,1,1,1,,1,1,1,,1,1,1,0,1,1,0
286,,8918,Dear inconsiderate ghetto fuck on the train across from me: ya know your phone has options other than speaker phone right?!?,1,1,2,1,,1,2,1,,1,1,1,,1,2,1,1,1,1,1
287,,19790,RT @jillxoxo12: anxiety is such a cunt,1,1,1,1,,0,1,0,,1,1,1,,0,2,0,0,0,1,1
288,,900,"#porn,#android,#iphone,#ipad,#sex,#xxx, | #Hairy | Hairy Florence shoves a dildo in her hairy red pussy http://t.co/4DM8Fpcb2d",1,1,2,1,,1,2,1,,1,0,0,,1,2,1,0,0,1,1
289,,14929,RT @CallMeRenee_: &#8220;@1inkkofrosess: @CallMeRenee_ wussup bitch&#8221;nun finna take it in,1,1,1,1,,1,1,1,,1,2,1,,1,2,1,1,1,1,1
290,,21287,"Shy singer surprises and melts Simons heart: http://t.co/RbCWsvvdJY 

This was so damn beautiful! I almost cried!!",1,0,0,0,,0,0,0,,1,0,0,,0,0,0,0,0,0,0
291,,4860,"@SoTrippyWhit right! These bitches be like ""damn I hope I get this job at Target"" BITCH DO BETTER!!! Still livin with ya momma ass hoe",1,1,2,1,,1,2,1,,1,2,1,,1,2,1,0,1,1,1
292,,16716,"RT @MXLLXVV: ""@VivaLAJuicyy69: ----&gt; tragedy smh RT @MXLLXVV: Niggas don't know you but will throw dirt on your name for the pussy you h&#8230;",1,1,2,1,,1,2,1,,1,2,1,,1,2,1,1,1,1,1
293,,16121,RT @JaredPhillis: All you do is fucking bitch.,1,1,2,1,,1,2,1,,1,2,1,,1,2,1,1,1,1,1
294,,12861,Lmfao bitch got her shit rocked,1,1,2,1,,1,2,1,,1,1,1,,1,2,1,1,1,1,1
295,,8061,At pussy cat lounge killin it with my girlz @blaqdior and @hpmiss,0,1,1,1,,1,0,0,,1,1,1,,1,0,0,0,0,0,0
296,,14697,RT @BestOfWorldStar: Charlie Sheen did the ice bucket challenge the right way http://t.co/IjS0b0VtoY,1,1,0,0,,1,0,0,,0,0,0,,1,0,0,0,0,0,0
297,,5315,@Worth_BILLions @MystroApollo &#128514;bitch you always hatin lmao,1,1,1,1,,1,2,1,,1,1,1,,1,2,1,0,1,1,1
298,,7279,@sramirez07943 you're failing at that and you don't know where I live faggot,1,1,2,1,,1,2,1,,1,2,1,,1,2,1,1,1,1,1
299,,14624,"RT @B_Solo36: @paper_chaysin that's right. you don't marry hoes, you rent em",1,1,2,1,,1,2,1,,1,2,1,,1,2,1,1,1,1,1
300,,13019,Magic 8 ball are these hoes loyal? http://t.co/G77bWIaX7f,1,1,1,1,,1,2,1,,1,2,1,,1,2,1,0,1,1,1
301,,16313,RT @KaliKushDoll_: Dropping all these hoes.,1,1,1,1,,1,1,1,,1,1,1,,1,1,1,0,1,1,1
302,,15163,RT @CuhCuhCuh: Hoes is Hoes niggas be mad cuhz they be tryna cuff the hoes cuh,1,1,2,1,,1,2,1,,1,2,1,,1,2,1,0,1,1,1
303,,4273,@MoenKiana fine walk bitch,1,1,1,1,,1,1,1,,1,1,1,,1,2,1,1,1,1,1
304,,21766,Tell dem THOT bitches im NOT right !!,1,1,2,1,,1,2,1,,1,2,1,,1,2,1,0,1,1,1
305,,3169,@EGP_Guamo @SonicBoomBrad I'm assuming it would look something like a bitch slap and a Dickpunch,1,1,2,1,,1,2,1,,1,2,1,,1,1,1,0,0,1,1
306,,7688,A-Rod said the number #13 he wears on his uniform is for opposing teams to fear him but the fact is A-Rod is a damn cancer to the #Yankees,1,1,2,1,,1,2,1,,1,2,1,,1,2,1,0,0,1,1
307,,9095,Dream job for a pedophile dressing up like mickey mouse and hugging kids all day,0,1,2,1,,1,2,1,,1,2,1,,1,2,1,1,1,1,1
308,,9724,God people can be so mean. This Asian guy held the door for these girls and they said they were surprised he could see it with his slant eye,1,1,1,1,,0,1,0,,1,2,1,,1,2,1,0,0,1,1
309,,8723,Clearly I'm afraid of birds http://t.co/qA4O9Dr4vp,1,0,0,0,,0,0,0,,0,0,0,,0,0,0,0,0,0,0
310,,4305,"@MrMooncricket @RacistNegro69 fuck you, stupid ass coward ass punk bitch faggot ass racist piece of shit. Punk. Bitch, ain't worth my time!",1,1,2,1,,1,2,1,,1,2,1,,1,2,1,1,1,1,1
311,,13938,Omg bitch buy a dildo and stfu,1,1,2,1,,1,2,1,,1,2,1,,1,2,1,1,1,1,1
312,,14217,"Poor Leo,he can't help havin resting bitch face. I feel ya home skillet biscuit",1,1,1,1,,1,1,1,,1,1,1,,1,2,1,0,0,1,0
313,,1582,&#8220;@TedOfficialPage: Fucked your bitch and left her like... http://t.co/x41Q6LUH37&#8221;&#128553;&#128553;&#128514;,1,1,2,1,,1,2,1,,1,2,1,,1,2,1,1,1,1,1
314,,23073,What barrel of trash doesn't smell as bad? RT @Jay_F5 Imagine Dragons or Nickelback?,1,1,0,0,,1,0,0,,1,2,1,,1,2,1,0,0,1,1
315,,1323,&#8220;@HerTruMetier: &#8220;@what_evaittakes: Bout to get a breasts reduction these bitches be in the way&#128530;&#8221;&#128514;&#128514;&#128514;&#8221;so serious&#128553;&#128553;&#128553;,1,1,1,1,,1,1,1,,1,2,1,,1,2,1,0,1,1,1
316,,9014,Dog I think it's a nigga dyke I was wondering the same RT @thisisyoungdj: Is the person that sing 'No Flex Zone' a male or female?,1,1,2,1,,1,1,1,,1,2,1,,1,2,1,1,1,1,1
317,,12397,Johnny is a punk bitch doe,1,1,2,1,,1,1,1,,1,1,1,,1,1,1,1,1,1,1
318,,9637,Gary's girl was a tranny. RT @Em_99car: I wonder what would have become of @rickspringfield if he'd written 'Gary's Girl'.,1,1,1,1,,1,1,1,,1,2,1,,1,2,1,0,0,1,1
319,,21823,"That bitch called on Thor for some strength. &#58386;&#58386; RT""@ChubbyGirlGod: Wait... http://t.co/UAf57JyiOi""",1,1,1,1,,1,1,1,,1,2,1,,1,1,1,0,1,1,1
320,,20370,"RT @roach_nigga: yall niggas think i just hang around your crib doing nothing, bitch i be getting bread too http://t.co/6jo2sayr96",1,1,2,1,,1,2,1,,1,2,1,,1,2,1,1,1,1,1
321,,10010,He said that bitch look like a praying mantis tho ctfu,1,1,2,1,,1,2,1,,1,2,1,,1,2,1,1,1,1,1
322,,4949,@Swagner_813 thanks ya fucking hoser,1,1,2,1,,1,2,1,,1,1,1,,1,2,1,0,1,1,1
323,,5708,@asshole_king pats owner is a kike.,1,1,1,1,,1,2,1,,1,2,1,,1,1,1,1,1,1,1
324,,14512,RT @AmberrrNicollle: You tweet about how you're never good enough for a guy maybe it's because you're a hoe,1,1,2,1,,1,2,1,,1,1,1,,1,2,1,1,1,1,1
325,,11079,I never had any friends the entire time I lived in #Virginia. No one was cool to me. I hope those white trash Southerners all die.,1,1,2,1,,1,2,1,,1,2,1,,1,2,1,1,1,1,1
326,,13052,Man im glad im around to see the redskins go to the playoffs considering it only happens once in a lifetime #RedskinsBlow,1,1,0,0,,0,0,0,,1,2,1,,0,2,0,1,1,1,0
327,,10560,I feel like I got bitch slapped by karma.,1,1,1,1,,0,1,0,,0,1,0,,0,2,0,0,1,1,0
328,,2360,"@1SonofYahweh &amp; what we do with our foolish proud selves? Roll our eyes, pretend that we dont see, mock or laff at them, arrogant attitudes",1,0,2,0,,1,2,1,,1,2,1,,1,2,1,0,1,1,1
329,,23208,When she wit me got yo bitch open,1,1,1,1,,1,1,1,,1,1,1,,1,1,1,1,1,1,1
330,,22230,These hoes ain't loyal &#128075;,1,1,1,1,,1,1,1,,1,2,1,,1,2,1,1,1,1,1
331,,17868,"RT @Suicide_gawd: Nigga when from "" Can I get a hug"" to
""I got hoes b "" http://t.co/ACLiqHQ5PV",1,1,2,1,,1,2,1,,1,1,1,,1,2,1,1,0,1,1
332,,16306,RT @KOEDJ: I can't stand a stuck up bitch. Always got a attitude for no reason. I don't know who hurt y'all but stay TF from round me &#128530;&#9996;&#65039;,1,1,2,1,,1,2,1,,1,2,1,,1,2,1,1,1,1,1
333,,18276,RT @TweetLikeAGirI: Cinco de way ho http://t.co/cM9JHHK41Y,0,1,0,0,,0,0,0,,1,0,0,,0,0,0,1,1,0,0
334,,6086,@elchavaloko pinche panamonos negros me Dan asco,1,1,2,1,,1,2,1,,1,1,1,,1,2,1,1,1,1,1
335,,15964,RT @IdGaf_IMYella: To be honest niggas are the biggest roaches these days.. They be with bitches just to have someone to put shit in their &#8230;,1,1,2,1,,1,2,1,,1,2,1,,1,2,1,1,1,1,1
336,,19874,"RT @killaaakam_: Who's gassin these hoes, BP? &#128564;",1,1,1,1,,1,2,1,,1,2,1,,1,2,1,1,1,1,1
337,,10411,I can't tell if I want to fuck you or if I want to slit your throat,1,1,2,1,,1,2,1,,1,2,1,,1,2,1,1,1,1,1
338,,13556,Never let them hoes get in between of what we started,1,1,1,1,,1,1,1,,1,1,1,,1,2,1,0,1,1,1
339,,24249,diet coke trash,1,1,1,1,,1,1,1,,1,1,1,,0,1,0,0,0,0,1
340,,241,"""@SnakecharmsDump: http://t.co/4b427dQZCV"" oh yeah fuck that bitch",1,1,2,1,,1,2,1,,1,1,1,,1,2,1,1,1,1,1
341,,15968,RT @Ih8lightskins__: only a black man can make you feel inferior to a hoe with a 2.0 gpa and no future simply because she has a fat ass and&#8230;,1,1,2,1,,1,2,1,,1,2,1,,1,2,1,1,1,1,1
342,,19163,"RT @chelsearaine: Aw that's cute, your mom raised you to be a bitchy little cunt&#128536;",1,1,2,1,,1,2,1,,1,1,1,,1,2,1,0,1,1,1
343,,17822,"RT @StevStiffler: Can't trust a bitch who lets the microwave hit 0, she doesn't care about her life...she probably jumps on the lava part o&#8230;",1,1,2,1,,1,2,1,,1,2,1,,1,2,1,1,1,1,1
344,,20396,RT @s_bitchy: Bitches be fallin so Inlove w. Niggass &amp; then he go get a new bitch &amp; they try go get a new nigga to try to forget about the &#8230;,1,1,2,1,,1,2,1,,1,2,1,,1,2,1,1,1,1,1
345,,25259,yo bitch want that vitamin D she lookin desperate,1,1,1,1,,1,1,1,,1,2,1,,1,2,1,1,1,1,1
346,,14088,"Painting bitches on rooftops, b/c bitches love rooftops",1,1,1,1,,1,1,1,,1,2,1,,1,2,1,0,0,1,1
347,,13611,"Nigga fuck up. Ain't none of that shit Goin down with yo niggas RT @FrancoisKilljoy: You niggas think you feeling &#128056;, bitch? My niggas &#128058; you",1,1,2,1,,1,2,1,,1,2,1,,1,2,1,1,1,1,1
348,,15115,RT @Comp10Tx: Rihanna really is trash,1,1,1,1,,1,2,1,,1,1,1,,1,1,1,1,1,1,1
349,,22255,These hoes don't get me in my feelings one bit.,0,1,1,1,,1,1,1,,1,2,1,,1,2,1,0,1,1,0
350,,12214,"It was nice of you to unfollow me, fag",1,1,2,1,,1,2,1,,1,2,1,,1,2,1,1,1,1,1
351,,720,#FreeElChapo is trending?! why cus French Montana's bitch ass?? you fucks that think selling drugs is cool are the LAMEST POSERS!!,1,1,2,1,,1,2,1,,1,2,1,,1,2,1,1,1,1,1
352,,15396,RT @DragonBallDeez: *Atlanta RT @PacDaGoat: Houston has so many trash drivers,1,1,1,1,,1,1,1,,1,1,1,,1,1,1,1,1,1,0
353,,850,"#faggots are MERELY a #scientific indicator that SOMETHING IS WRONG&gt; Do not celebrate as ""unique indiviuals"" for they are #cancer&gt;",1,1,2,1,,1,2,1,,1,2,1,,1,2,1,1,1,1,1
354,,15305,"RT @Dats_JayGrant: You can't be like ""Let me miss ya sometimes"" bitches take it overboard and shit, I said give me time to miss yo ass not &#8230;",1,1,2,1,,1,2,1,,1,2,1,,1,2,1,0,1,1,1
355,,13124,"Me and my nig @yungNAUGHTI be running shit in Miami on the court, we only lost one game in 3 days",1,0,2,0,,0,2,0,,1,2,1,,0,2,0,0,0,1,1
356,,16468,RT @L1LDebbie: And I'm that bitch who doesn't forget.,1,0,1,0,,0,1,0,,1,1,1,,0,1,0,0,0,1,0
357,,3522,@Huntermoore so does my juicy pussy,1,0,1,0,,1,1,1,,1,0,0,,1,1,1,0,0,1,1
358,,13271,My asshole credentials? Even rednecks hate me.,1,1,2,1,,0,2,0,,1,2,1,,0,2,0,0,0,1,1
359,,2544,@AsvpRvchel @kittty_jpg @nosfiend215 nah im forreal both of yall pussies smell like some dried up crusty fish guts,1,1,2,1,,1,2,1,,1,2,1,,1,2,1,1,1,1,1
360,,1552,&#8220;@ShesSoBlessed_: Oreos And Milk &#128523;&#8221;,1,1,0,0,,0,0,0,,1,0,0,,0,0,0,0,0,0,0
361,,11176,I snorted shit with more girls in my presence than a dude lmao coke head bitches..,1,0,2,0,,1,2,1,,1,2,1,,1,2,1,1,1,1,1
362,,11014,I love when girls pass up the guys who want Something real and to treat them right for the guy who just uses em cuz then they bitch about it,1,1,1,1,,1,1,1,,1,2,1,,1,2,1,0,0,1,1
363,,6950,@nfl am I watching football or pussy soccer? Wtf?,1,1,2,1,,1,2,1,,1,2,1,,1,2,1,1,0,1,1
364,,21625,Stoni is a fuckin queer...,1,1,2,1,,1,2,1,,1,2,1,,1,2,1,1,1,1,1
365,,24814,okay but how many people really care if you can see a girls nips through her shirt,1,1,0,0,,1,0,0,,1,0,0,,1,2,1,0,1,1,0
366,,22931,Wait. What? RT @KingHorseDick: Y&#8217;all ever put ur finger in the lil hole in the back of the pussy? just me? Cool.,1,1,2,1,,1,2,1,,1,2,1,,1,2,1,0,1,1,1
367,,20135,"RT @mitchsunderland: Ezra Miller, an openly queer male, is playing the Flash, making him the first openly queer male to play a lead superhe&#8230;",1,1,0,0,,1,0,0,,0,0,0,,1,0,0,0,1,0,0
368,,22972,"Watchu smiling in da can foe nigguh,",0,1,1,1,,1,1,1,,1,2,1,,1,2,1,1,0,1,1
369,,12002,Iite Peyton don&#8217;t be a faggot this drive,1,1,1,1,,1,2,1,,1,2,1,,1,2,1,1,1,1,1
370,,18731,RT @_Mr_Williams_: Hoes gone be hoes.&#128581;and these hoes can't be trusted &#9994;,1,1,2,1,,1,2,1,,1,2,1,,1,2,1,1,1,1,1
371,,12335,"Jamaica populated with island hillbillies. Even linguistics are kind of the same, if you sub the accent. Olde English derivatives.",1,1,0,0,,1,0,0,,1,2,1,,1,1,1,1,1,1,1
372,,16885,"RT @MontagKeys: Jeff Fisher saved by the refs. That was karma, but the zebras messed with it.",1,1,0,0,,1,0,0,,1,2,1,,1,1,1,0,0,0,0
373,,11385,I wish hoes didn't bore me....I wouldn't have this problem and would shop at hoes r us every day...,1,1,1,1,,1,1,1,,1,2,1,,1,2,1,1,0,1,1
374,,5916,@coL_ACHES Why do you bitch about everything?,1,1,1,1,,1,1,1,,1,2,1,,1,2,1,0,0,1,1
375,,12991,"Love when the bitches take selfies with their tongue out, just gearin up for that money shot",1,1,1,1,,1,2,1,,1,2,1,,1,2,1,1,1,1,1
376,,13288,My bitch ass buddy pmo,1,0,1,0,,0,1,0,,1,1,1,,1,2,1,0,0,1,1
377,,5407,@Z_M_G_ thirsty hoes &#128129;,1,1,1,1,,1,1,1,,1,1,1,,1,1,1,1,0,1,1
378,,6234,@hannahtherapper @yunglust so when a certain season comes around it's time to be a hoe,1,1,1,1,,1,2,1,,1,1,1,,1,1,1,1,0,1,1
379,,4770,@SammyLightning_ I roll up to a bitch an dey like http://t.co/ja8t60VgGE,1,0,1,0,,1,1,1,,1,1,1,,1,2,1,0,0,1,1
380,,5254,@Viri_BraceFacee no problem my niggah &#128076;,1,1,1,1,,0,1,0,,1,2,1,,1,1,1,0,0,1,1
381,,22664,Time to start listing to il spook,1,1,0,0,,1,0,0,,1,0,0,,1,0,0,0,0,0,0
382,,21249,Short answer: Yes. ~ Sage Grouse Rebellion: Will Obama use two small birds to limit oil drilling in the West? http://t.co/TK0nZBBTte,1,1,0,0,,1,0,0,,1,2,1,,1,2,1,0,0,0,0
383,,24589,ion have hoes so really you have no reason to worry about me cheating. if anything ill cheat on you with my left hand lbr,1,0,1,0,,0,1,0,,1,2,1,,1,2,1,0,0,1,1
384,,10754,"I hate the f-ing bus, I hate the f-ing bus, high ho the dairy-0 I hate the f-ing bus!",1,1,1,1,,1,1,1,,1,2,1,,0,2,0,0,0,1,1
385,,4047,"@LinzBella 
You date colored men?",1,1,0,0,,1,0,0,,1,2,1,,1,0,1,1,1,1,1
386,,10529,I don't want to deal with yesterday's trash! There's a reason it got thrown out in the first place,1,1,0,0,,0,0,0,,1,2,1,,0,2,0,0,0,1,0
387,,5671,@amarierubio chink eyed !,1,1,2,1,,1,1,1,,1,1,1,,1,1,1,1,1,1,1
388,,622,"""You look cute today :)"".. ""Really?!"" Helll no, swerve hoe!",1,1,1,1,,1,1,1,,1,2,1,,1,2,1,0,1,1,1
389,,13550,Never give the next bitch an opportunity to prosper off of your name....,1,1,1,1,,1,1,1,,1,2,1,,1,2,1,0,0,1,1
390,,24966,sorry me and @kazooook be fucking bitches and we hella icy,1,0,2,0,,1,2,1,,1,1,1,,0,2,0,0,0,1,1
391,,12934,"Lol this freshman said why dress up as a baby that's so retarded, I said well I mean u act like a baby so might as well dress like one",1,1,1,1,,1,1,1,,1,2,1,,1,2,1,1,1,1,1
392,,21100,"Seconds from the end what's it gonna be, pull the trigger bitch",1,1,1,1,,1,1,1,,1,2,1,,1,2,1,1,0,1,1
393,,15891,RT @HornyFacts: A girl KNOWS when a bitch likes her boyfriend &#128564;&#128080;,1,1,1,1,,1,1,1,,1,2,1,,1,2,1,0,0,1,1
394,,15324,RT @Dee_InsideYou: Team no hoes &#128514;&#128076;,1,1,1,1,,1,1,1,,1,2,1,,1,1,1,0,0,1,0
395,,19388,RT @emma3156: Quit hoggin the blunt bitch&#58373;,1,1,2,1,,1,2,1,,1,2,1,,1,2,1,1,1,1,1
396,,15625,RT @FuckTraVonn: @TropicalKyle @wendella_ one time me and this blind bitch was watching a movie,1,1,2,1,,1,1,1,,1,2,1,,1,2,1,0,1,1,1
397,,19656,RT @ibethathigh_RNS: She called me Mexican is that all she have on me tho? IM A PROUD HISPANIC BITCH sure liked this dick tho hoe.,1,0,2,1,,0,2,0,,1,2,1,,1,2,1,0,0,1,1
398,,4150,@MarianCristinax you a fag b,1,1,2,1,,1,2,1,,1,2,1,,1,1,1,1,1,1,1
399,,193,"""@Migsmichelen: This new twitter is confusing the shit out of me."" Go back to south america bitch",1,1,2,1,,1,2,1,,1,2,1,,1,2,1,1,1,1,1
